{"accuracy": [0.6012091636657715, 0.86236572265625, 0.9172060489654541, 0.9428835511207581, 0.9577352404594421, 0.965957760810852, 0.9731702208518982, 0.9769400358200073, 0.979714035987854, 0.9820044040679932], "loss": [1.3505734205245972, 0.4329224228858948, 0.2589670419692993, 0.1743973195552826, 0.1296481490135193, 0.10425864905118942, 0.08146639168262482, 0.06994975358247757, 0.06252221018075943, 0.05627334117889404], "val_accuracy": [0.8296152949333191, 0.9043364524841309, 0.935920774936676, 0.928579568862915, 0.9613020420074463, 0.960050106048584, 0.9595947861671448, 0.9522535800933838, 0.9688140153884888, 0.9679604172706604], "val_loss": [0.5295047760009766, 0.2920573949813843, 0.19729776680469513, 0.21656343340873718, 0.11860602349042892, 0.12574875354766846, 0.13580065965652466, 0.16750018298625946, 0.11257686465978622, 0.10652823746204376]}